hotel_name,hotel_address,hotel_distance_center,hotel_room,hotel_star,hotel_score,hotel_score_title,hotel_number_reviews,hotel_price,hotel_offer
Chez Mimosa Petite,"10.7670911654216,106.694767413353",650 m from centre,Double or Twin no window with free laundry,,9.4,Superb,250 reviews,"VND 308,000","FREE cancellation,• No prepayment needed"
The Myst Dong Khoi,"10.7743817142385,106.705235430086",850 m from centre,Dong Khoi Double Room,5 out of 5,8.8,Fabulous,"1,241 reviews","VND 1,526,726",
Grand Hotel Saigon,"10.7738942200765,106.705656051636",850 m from centre,Day Use from 9AM to 5PM - Deluxe King (an extra charge will be applied for overnight stay),5 out of 5,8.7,Fabulous,"1,745 reviews","VND 963,414",
Sense Legend Hotel & Spa,"10.7712803597152,106.689670085907",950 m from centre,Day Use Offer (from 11am - 3pm) Same Day Stay - Extra Charge for Overnight Stay,3 out of 5,7.8,Good,"1,060 reviews","VND 117,000",
Winsuites Saigon,"10.771542,106.697106",150 m from centre,Deluxe Corner,4 out of 5,8.8,Fabulous,"1,823 reviews","VND 745,920","Breakfast included,FREE cancellation,• No prepayment needed"
Icon Saigon - LifeStyle Design Hotel,"10.776769,106.70449",900 m from centre,Superior Double (Internal Window),4 out of 5,8.7,Fabulous,"1,097 reviews","VND 850,500",Breakfast included
Vinpearl Luxury Landmark 81,"10.795414,106.718709",3.5 km from centre,Premier King Room - Free Access to Sky View Deck,5 out of 5,8.9,Fabulous,178 reviews,"VND 3,000,000",Breakfast included
Silverland Charner Hotel,"10.7716202682431,106.703952848911",650 m from centre,Premier Double or Twin Room,4 out of 5,9.1,Superb,"1,739 reviews","VND 939,938",Breakfast included
City View Hotel & Spa,"10.7720207801247,106.690651774406",850 m from centre,Day Use Offer - Max 3h Same Day Stay - Extra Charge for Overnight Stay,3 out of 5,8.3,Very good,222 reviews,"VND 84,000",
Orchids Saigon Hotel,"10.781072,106.695544",1.1 km from centre,Superior Double or Twin Room,4 out of 5,9.0,Superb,"2,814 reviews","VND 1,072,075","Breakfast included,FREE cancellation,• No prepayment needed"
Silverland Yen Hotel,"10.7736307271167,106.697188317776",300 m from centre,Deluxe Double Room,4 out of 5,9.2,Superb,"1,246 reviews","VND 761,855",Breakfast included
Hotel Nikko Saigon,"10.7642054323537,106.682668179274",1.9 km from centre,Deluxe Twin Room,5 out of 5,9.1,Superb,747 reviews,"VND 1,894,596",
Pullman Saigon Centre,"10.7646230816554,106.692389845848",1 km from centre,Superior King Room,5 out of 5,8.7,Fabulous,592 reviews,"VND 3,709,831",
Fusion Suites Saigon,"10.7724915406753,106.689976430372",950 m from centre,Double Room No Window,4 out of 5,9.1,Superb,"1,683 reviews","VND 1,274,012","FREE cancellation,• No prepayment needed"
Mia Saigon – Luxury Boutique Hotel,"10.8101453361996,106.751698327047",7 km from centre,Deluxe King Room with River View,5 out of 5,9.1,Superb,172 reviews,"VND 3,795,250",
Cicilia Saigon Hotels & Spa,"10.7719902937347,106.692649457794",650 m from centre,Premium Deluxe Double City View,4 out of 5,7.9,Good,933 reviews,"VND 700,000","Breakfast included,FREE cancellation"
Hotel Majestic Saigon,"10.7729693587722,106.70621663332",900 m from centre,Colonial Deluxe Double or Twin Room,5 out of 5,8.5,Very good,"1,461 reviews","VND 1,521,806",Breakfast included
Caravelle Saigon,"10.7763684077194,106.703459322453",800 m from centre,Deluxe Twin Room,5 out of 5,9.0,Superb,320 reviews,"VND 2,660,806",
Muong Thanh Luxury Saigon Hotel,"10.797575,106.67183",4.1 km from centre,Deluxe Twin Room,5 out of 5,8.7,Fabulous,147 reviews,"VND 1,382,400",Breakfast included
Central Palace Hotel,"10.7755097586319,106.697163188361",500 m from centre,Deluxe City/ Park View - No Breakfast,4 out of 5,8.4,Very good,"1,504 reviews","VND 759,650",
Oakwood Residence Saigon,"10.7302250237147,106.704553663736",4.7 km from centre,Studio,5 out of 5,9.1,Superb,189 reviews,"VND 2,227,500",
Park Hyatt Saigon,"10.7774618920513,106.703408360481",900 m from centre,Park King,5 out of 5,9.2,Superb,241 reviews,"VND 6,300,000",
Rex Hotel,"10.7757386643379,106.701407432556",600 m from centre,Deluxe Room,5 out of 5,8.4,Very good,"1,224 reviews","VND 2,357,018",Breakfast included
An Lam Retreats Saigon River,"10.8707174933393,106.699513792992",11 km from centre,An Lam Deluxe Suite,5 out of 5,8.8,Fabulous,192 reviews,"VND 4,645,966",Breakfast included
Au Lac Legend Hotel,"10.7809346665493,106.695994734764",1.1 km from centre,Superior Twin Room - No Window,4 out of 5,8.6,Fabulous,"1,424 reviews","VND 777,000",Breakfast included
MAI HOUSE Saigon,"10.782278,106.691944",1.4 km from centre,Deluxe Double Room - Free Minibar,5 out of 5,9.4,Superb,272 reviews,"VND 1,347,480",
LA VELA Saigon Hotel,"10.788561,106.685473",2.4 km from centre,Staycation Offer - La Vela Deluxe Double with Balcony - Free benefits included,5 out of 5,8.6,Fabulous,99 reviews,"VND 2,300,000",Breakfast included
Harmony Saigon Hotel & Spa,"10.7720444946273,106.690346002579",900 m from centre,Deluxe Double or Twin Room,4 out of 5,8.7,Fabulous,816 reviews,"VND 806,874",Breakfast included
The Reverie Saigon,"10.7737327869221,106.704599261284",750 m from centre,Deluxe Twin Room,5 out of 5,9.4,Superb,435 reviews,"VND 7,031,435",
The Chill Suites - City Center,"10.7719232871499,106.690531075001",850 m from centre,Twin Room with View,3 out of 5,8.6,Fabulous,466 reviews,"VND 381,600",
An Lam Retreats Saigon River,"10.8707174933393,106.699513792992",11 km from centre,An Lam Deluxe Suite,5 out of 5,8.8,Fabulous,192 reviews,"VND 4,645,966",Breakfast included
New World Saigon Hotel,"10.7706795902161,106.695144474506",400 m from centre,Premier Twin Room,5 out of 5,8.6,Fabulous,362 reviews,"VND 3,134,208","Breakfast included,FREE cancellation,• No prepayment needed"
Bonita Signature Hotel,"10.770325,106.68864",1.1 km from centre,Cloud 9,3 out of 5,7.3,Good,986 reviews,"VND 585,200",Breakfast included
Sedona Suites Ho Chi Minh City,"10.77356,106.700136",350 m from centre,Grand Studio,5 out of 5,9.1,Superb,204 reviews,"VND 3,101,323",
UpTown Hotel,"10.77353,106.699468",300 m from centre,Pre-Superior,3 out of 5,8.6,Fabulous,509 reviews,"VND 620,000",Breakfast included
Silverland Sakyo Hotel,"10.7806546680772,106.704921126366",1.3 km from centre,Deluxe Double Room - No Window,4 out of 5,8.7,Fabulous,527 reviews,"VND 1,002,873",Breakfast included
Meraki Boutique Hotel,"10.7663793003904,106.691869452115",950 m from centre,Day Use Room 2 hours - Standard Double,2 out of 5,8.5,Very good,100 reviews,"VND 70,000","FREE cancellation,• No prepayment needed"
Megustas Suite Central Hotel (Formerly Camelia Saigon Hotel),"10.776102282016,106.7049908638",900 m from centre,Deluxe King,3 out of 5,8.3,Very good,201 reviews,"VND 550,000",
M Hotel Saigon,"10.773215,106.701965",450 m from centre,Zen Corner Room,4 out of 5,8.9,Fabulous,538 reviews,"VND 1,517,486",
Cochin Zen Hotel,"10.7742367605794,106.696949601173",350 m from centre,Deluxe Double Room,4 out of 5,8.8,Fabulous,"1,172 reviews","VND 660,001",
AEM Hotel Selection,"10.7734910757546,106.698018461466",250 m from centre,Day Use Offer - Superior Double Room - 2hrs stay,3 out of 5,7.1,Good,130 reviews,"VND 86,400","FREE cancellation,• No prepayment needed"
Liberty Central Saigon Citypoint,"10.7740183292952,106.701149919049",450 m from centre,Deluxe Double or Twin Room - Room Only,4 out of 5,8.9,Fabulous,952 reviews,"VND 1,570,800",
Somerset D1Mension Ho Chi Minh City,"10.754952,106.687757",2.2 km from centre,Executive One-Bedroom Apartment,5 out of 5,9.1,Superb,139 reviews,"VND 2,442,825",
Saigon Prince Hotel,"10.773130089858,106.704406142235",700 m from centre,Deluxe Double Room,4 out of 5,8.1,Very good,818 reviews,"VND 1,225,700",
"InterContinental Saigon, an IHG hotel","10.7810242520076,106.700306385756",1.1 km from centre,Deluxe Room,5 out of 5,8.7,Fabulous,196 reviews,"VND 3,257,100","FREE cancellation,• No prepayment needed"
Lucky Star Hotel 146 Nguyen Trai,"10.7695335737845,106.690630842471",900 m from centre,Day Use Offer - Superior Double Room - 4 hours stay,3 out of 5,8.3,Very good,534 reviews,"VND 126,000","FREE cancellation,• No prepayment needed"
Somerset Ho Chi Minh City,"10.7893503134332,106.702769994736",2 km from centre,Deluxe One-Bedroom Apartment (2 Adults),5 out of 5,8.9,Fabulous,"1,101 reviews","VND 2,702,700",
Prostyle Hotel Ho Chi Minh プロスタイルホテルホーチミン,"10.7789848587905,106.703944802284",1.1 km from centre,Deluxe No Window – Free Wifi,4 out of 5,8.8,Fabulous,262 reviews,"VND 1,059,999",Breakfast included
Lotte Hotel Saigon,"10.7787213702865,106.706782579422",1.2 km from centre,Staycation Offer - Deluxe King City View - Early check-in at 10AM & Late check-out at 6PM + F&B credit worth VND 450.000,5 out of 5,8.6,Fabulous,302 reviews,"VND 2,890,000","Breakfast included,FREE cancellation,• No prepayment needed"
Thanh Long Hotel - Tra Khuc,"10.805701,106.665414",5 km from centre,Day Use 4 Hours - Deluxe Double Room,3 out of 5,9.0,Superb,402 reviews,"VND 468,000","FREE cancellation,• No prepayment needed"
Lucky Star Hotel 146 Nguyen Trai,"10.7695335737845,106.690630842471",900 m from centre,Day Use Offer - Superior Double Room - 4 hours stay,3 out of 5,8.3,Very good,534 reviews,"VND 126,000","FREE cancellation,• No prepayment needed"
Gemini Saigon,"10.767133,106.694707",650 m from centre,Day Use 6 hours (An extra charge will be applied for overnight stay),3 out of 5,8.9,Fabulous,903 reviews,"VND 245,000","FREE cancellation,• No prepayment needed"
Innside by Melia Saigon Central,"10.772435,106.702529",500 m from centre,The INNSIDE Room,4 out of 5,8.7,Fabulous,227 reviews,"VND 1,140,674",Breakfast included
Huong Sen Hotel,"10.7750588561964,106.70427069068",800 m from centre,Superior Double or Twin Room,3 out of 5,8.6,Fabulous,"1,104 reviews","VND 914,040",Breakfast included
Lotus Universe Apartment,"10.802223936978,106.691694515961",3.5 km from centre,One-Bedroom Apartment,3 out of 5,8.6,Fabulous,276 reviews,"VND 416,500",
GK Central Hotel,"10.7738889502195,106.696960330009",350 m from centre,Superior Room,3 out of 5,8.3,Very good,604 reviews,"VND 510,000","FREE cancellation,• No prepayment needed"
Lucky Star Hotel 266 De Tham,"10.768321320964,106.693541623593",650 m from centre,Day Use Offer - Superior Double Room - 4 hours stay,3 out of 5,8.2,Very good,596 reviews,"VND 128,000","FREE cancellation,• No prepayment needed"
The Chill Suites - City Center,"10.7719232871499,106.690531075001",850 m from centre,Twin Room with View,3 out of 5,8.6,Fabulous,466 reviews,"VND 381,600",
"InterContinental Saigon, an IHG hotel","10.7810242520076,106.700306385756",1.1 km from centre,Deluxe Room,5 out of 5,8.7,Fabulous,196 reviews,"VND 3,257,100","FREE cancellation,• No prepayment needed"
Citadines Regency Saigon,"10.784075,106.694434",1.5 km from centre,Classic Room,4 out of 5,8.9,Fabulous,881 reviews,"VND 1,683,990",
The Art - Sunshine Apartment,"10.806684,106.665491",5 km from centre,Deluxe Queen Studio,4 out of 5,9.0,Superb,362 reviews,"VND 555,408",
HOME Hotel,"10.796012,106.675831",3.7 km from centre,Superior Queen Room,3 out of 5,9.0,Superb,61 reviews,"VND 665,640",
Luxury Vinhomes central park (Jenny home),"10.792386,106.721482",3.5 km from centre,One-Bedroom Apartment,3 out of 5,8.5,Very good,147 reviews,"VND 1,248,350",
Meraki Boutique Hotel,"10.7663793003904,106.691869452115",950 m from centre,Day Use Room 2 hours - Standard Double,2 out of 5,8.5,Very good,100 reviews,"VND 70,000","FREE cancellation,• No prepayment needed"
Muong Thanh Saigon Centre Hotel,"10.784973584512,106.699424088291",1.6 km from centre,Superior Twin Room,4 out of 5,8.2,Very good,317 reviews,"VND 1,080,000",Breakfast included
MAI HOUSE Saigon,"10.782278,106.691944",1.4 km from centre,Deluxe Double Room - Free Minibar,5 out of 5,9.4,Superb,272 reviews,"VND 1,347,480",
Bonita THT,"10.779800518928,106.668208139018",3.5 km from centre,Standard Double Room,2 out of 5,7.7,Good,162 reviews,"VND 443,700",
Prague Hotel,"10.768784,106.693574",600 m from centre,Superior Double Room No Window,3 out of 5,8.4,Very good,"1,383 reviews","VND 490,945",Breakfast included
Cabana Hotel SaiGon,"10.7715381698982,106.696341673611",250 m from centre,Standard Queen Room - Day Use 2 hours,3 out of 5,8.2,Very good,292 reviews,"VND 56,000","FREE cancellation,• No prepayment needed"
Liberty Central Saigon Citypoint,"10.7740183292952,106.701149919049",450 m from centre,Deluxe Double or Twin Room - Room Only,4 out of 5,8.9,Fabulous,952 reviews,"VND 1,570,800",
Sài Gòn KunKin Luxury Hotel & Apartmet,"10.7967450178909,106.707156077385",3 km from centre,Deluxe Apartment,3 out of 5,9.2,Superb,201 reviews,"VND 639,200",
The Akoya Ben Thanh Hotel,"10.774503,106.697447",350 m from centre,Budget Double Room with no window,3 out of 5,8.9,Fabulous,289 reviews,"VND 347,490",
Prague Airport Hotel,"10.815666,106.674661",5 km from centre,Superior Double Room,3 out of 5,8.9,Fabulous,427 reviews,"VND 540,000",
Aristo Saigon Hotel,"10.7810927585166,106.694608032703",1.1 km from centre,"Premier Double or Twin Room -  Free Minibar, sauna, steam bath, jacuzzi pool",4 out of 5,8.2,Very good,762 reviews,"VND 815,920",Breakfast included
Tan Son Nhat Saigon Hotel,"10.8004583958363,106.670840978622",4.5 km from centre,Deluxe Double Room,5 out of 5,7.9,Good,183 reviews,"VND 2,035,000",Breakfast included
Tan Son Nhat Saigon Hotel,"10.8004583958363,106.670840978622",4.5 km from centre,Deluxe Double Room,5 out of 5,7.9,Good,183 reviews,"VND 2,035,000",Breakfast included
A in Hotel Glamour,"10.798249,106.729765",4.5 km from centre,Deluxe Room,2 out of 5,7.8,Good,474 reviews,"VND 405,000",
MAI HOUSE Saigon,"10.782278,106.691944",1.4 km from centre,Deluxe Double Room - Free Minibar,5 out of 5,9.4,Superb,272 reviews,"VND 1,347,480",
Common Inn Thao Dien,"10.8028875754455,106.732724905014",5 km from centre,Double Room,3 out of 5,8.7,Fabulous,329 reviews,"VND 799,227",
Palace Hotel Saigon,"10.7744053957607,106.703606843948",700 m from centre,Deluxe Double Room,4 out of 5,7.3,Good,313 reviews,"VND 899,200",
The Blue Airport Hotel,"10.8037146,106.6621721",5 km from centre,Standard Double Room,2 out of 5,7.3,Good,239 reviews,"VND 350,000",FREE cancellation
CityHouse-Sonata Residence & Hotel,"10.737473,106.725648",4.8 km from centre,Studio Double Room,3 out of 5,8.2,Very good,272 reviews,"VND 566,666",
Apa Saigon Apartment,"10.791268,106.689998",2.4 km from centre,Superior Double Room,3 out of 5,8.8,Fabulous,509 reviews,"VND 486,000",Breakfast included
The Royal Hotel & Apartment - Phu My Hung,"10.7315862588328,106.709406710889",4.6 km from centre,Deluxe Twin Room - Basement,2 out of 5,9.1,Superb,139 reviews,"VND 581,777",
Chez Mimosa Local,"10.764248,106.695674",900 m from centre,Deluxe Twin/Double Room - Free laundry,,9.1,Superb,321 reviews,"VND 520,000",
Adora Hotel,"10.7744844434695,106.696735024452",400 m from centre,Day Use Offer- Deluxe Room No Window- 4 Hours same day stay - Extra charge for overnight stay,4 out of 5,8.0,Very good,"1,261 reviews","VND 640,000",
Full House Retreat - The Water Front,"10.7931205423611,106.687829901644",2.7 km from centre,Apartment with Balcony,3 out of 5,8.9,Fabulous,215 reviews,"VND 499,680",
City View Hotel & Spa,"10.7720207801247,106.690651774406",850 m from centre,Day Use Offer - Max 3h Same Day Stay - Extra Charge for Overnight Stay,3 out of 5,8.3,Very good,222 reviews,"VND 84,000",
Cactusland Apartment,"10.795837,106.673755",3.9 km from centre,Day Use Offer ( 4 hours ) - Free Room Upgrade (subject to availability),3 out of 5,8.7,Fabulous,327 reviews,"VND 349,999",
A-In Hotel Riverside,"10.7615405430256,106.697520725066",1.1 km from centre,Day Use Offer (4 hours) - Standard Double Room,2 out of 5,8.3,Very good,468 reviews,"VND 207,000",
Cozrum Homes - Premier Residence,"10.79631528795,106.705442470886",2.9 km from centre,Studio Apartment,3 out of 5,8.7,Fabulous,358 reviews,"VND 521,529","FREE cancellation,• No prepayment needed"
Universe Saigon Apartment,"10.809500616305,106.678955668749",4.8 km from centre,Standard Double Room,2 out of 5,8.5,Very good,502 reviews,"VND 340,200","FREE cancellation,• No prepayment needed"
Cozrum Lux Hotel,"10.771782,106.690591",850 m from centre,Deluxe Double Room,3 out of 5,8.7,Fabulous,261 reviews,"VND 530,075","FREE cancellation,• No prepayment needed"
HOME Hotel,"10.796012,106.675831",3.7 km from centre,Superior Queen Room,3 out of 5,9.0,Superb,61 reviews,"VND 665,640",
MerPerle Crystal Palace,"10.7265257288266,106.72394067049",5 km from centre,Deluxe Twin Room,4 out of 5,8.5,Very good,166 reviews,"VND 1,386,000",
Triple E,"10.769153,106.699868",350 m from centre,Double Room,3 out of 5,8.6,Fabulous,754 reviews,"VND 473,600",
Cochin Zen Hotel,"10.7742367605794,106.696949601173",350 m from centre,Deluxe Double Room,4 out of 5,8.8,Fabulous,"1,172 reviews","VND 660,001",
SAIGON GARDEN HILL Resort & Apartment,"10.815017,106.686646",5 km from centre,Apartment,3 out of 5,7.7,Good,93 reviews,"VND 509,600",
Silverland Jolie Hotel,"10.7772879887846,106.705473661423",1.1 km from centre,Deluxe twin room (No Window),4 out of 5,8.8,Fabulous,883 reviews,"VND 754,410",
Sofitel Saigon Plaza,"10.784112299146,106.702536642551",1.5 km from centre,Superior Double Room,5 out of 5,8.6,Fabulous,288 reviews,"VND 1,884,960",
Chez Mimosa Local,"10.764248,106.695674",900 m from centre,Deluxe Twin/Double Room - Free laundry,,9.1,Superb,321 reviews,"VND 520,000",
Cactusland Apartment,"10.795837,106.673755",3.9 km from centre,Day Use Offer ( 4 hours ) - Free Room Upgrade (subject to availability),3 out of 5,8.7,Fabulous,327 reviews,"VND 349,999",
Havana Airport Hotel,"10.811016,106.666538",5 km from centre,Standard Double Room,3 out of 5,8.3,Very good,230 reviews,"VND 434,160",
OYO 231 Thien Cung Hotel,"10.79668,106.648953",6 km from centre,Standard Double Room,2 out of 5,8.0,Very good,358 reviews,"VND 349,188","FREE cancellation,• No prepayment needed"
D1Mension Residences,"10.754952,106.687757",2.2 km from centre,One-Bedroom Apartment,5 out of 5,9.2,Superb,242 reviews,"VND 1,515,938",
DYN OPERA Hotel,"10.7779915059262,106.704129874706",1 km from centre,Deluxe Double or Twin Room,3 out of 5,8.4,Very good,428 reviews,"VND 443,610",
HoLo Alex House Saigon - Serviced HomeStay,"10.7672691136822,106.69012606144",1.1 km from centre,Deluxe Studio,3 out of 5,8.7,Fabulous,99 reviews,"VND 658,350",
City View Hotel & Spa,"10.7720207801247,106.690651774406",850 m from centre,Day Use Offer - Max 3h Same Day Stay - Extra Charge for Overnight Stay,3 out of 5,8.3,Very good,222 reviews,"VND 84,000",
Vinhomes Luxury Apartment-Christine Properties,"10.7948890432576,106.719924938837",3.5 km from centre,One-Bedroom Apartment,3 out of 5,8.2,Very good,21 reviews,"VND 750,000",
The Art - Tina Hotel and Apartments,"10.8034532922122,106.704687273926",3.6 km from centre,Superior Double Room,3 out of 5,9.5,Exceptional,352 reviews,"VND 429,723",
EROS Hotel,"10.799073,106.686724",3.4 km from centre,Standard Queen Room,3 out of 5,8.2,Very good,87 reviews,"VND 475,300",
Saigonciti Hotel A,"10.7689088941955,106.694090366364",550 m from centre,Deluxe Double Room - Day Use 4 hours,3 out of 5,8.3,Very good,707 reviews,"VND 178,500","FREE cancellation,• No prepayment needed"
Hotel Continental Saigon,"10.7767504689616,106.702617108822",800 m from centre,Opera View Room,4 out of 5,8.4,Very good,465 reviews,"VND 1,719,542",Breakfast included
Alagon Plus Hotel & Spa,"10.771618,106.694503",450 m from centre,Deluxe Double Room with No Window,4 out of 5,8.3,Very good,370 reviews,"VND 723,600",
Orchid Boutique Hotel & Apartment,"10.731624,106.709051",4.6 km from centre,Deluxe Twin Room,3 out of 5,9.3,Superb,73 reviews,"VND 866,250",Breakfast included
CityHouse - Kim Nguyên Apartment & Hotel,"10.799058,106.672987",4.2 km from centre,Standard Studio,4 out of 5,9.2,Superb,22 reviews,"VND 700,000",
A in Hotel Del Luna,"10.7649277951205,106.695080892031",850 m from centre,Standard Double Room,2 out of 5,8.6,Fabulous,307 reviews,"VND 376,000","FREE cancellation,• No prepayment needed"
Joviale Hotel,"10.7730194225622,106.695578992367",350 m from centre,Deluxe Room,3 out of 5,7.8,Good,"2,571 reviews","VND 480,000",
Saigon Charm Hotel,"10.773538,106.696585",300 m from centre,Double Room - Day Use 2 hours,,6.4,Review score,152 reviews,"VND 120,000","FREE cancellation,• No prepayment needed"
Joy Inn Airport Hotel,"10.804411,106.637284",7 km from centre,Standard Double Room,3 out of 5,7.1,Good,99 reviews,"VND 350,000","FREE cancellation,• No prepayment needed"
Hera Hotel - Free Airport Drop Off,"10.806197,106.66496",5 km from centre,Standard Double Room,3 out of 5,8.4,Very good,81 reviews,"VND 495,000","FREE cancellation,• No prepayment needed"
Goby home in Rivergate Luxury Apartment - near Ben Thanh market,"10.7632803303693,106.698951331757",950 m from centre,Studio Apartment,3 out of 5,8.6,Fabulous,213 reviews,"VND 654,075",
Nouveau Happy Inn,"10.7722895443782,106.690992414951",850 m from centre,Double Room - Day Use 4 hours,2 out of 5,5.8,Review score,73 reviews,"VND 100,000",
A&EM Saigon Hotel,"10.7744001259127,106.696536540985",400 m from centre,Premium Deluxe Double Room,4 out of 5,8.0,Very good,543 reviews,"VND 1,104,180",Breakfast included
Aiden Saigon Hotel,"10.742016,106.628979",8 km from centre,Standard Twin Room,,8.1,Very good,211 reviews,"VND 624,960",
Goby home in Rivergate Luxury Apartment - near Ben Thanh market,"10.7632803303693,106.698951331757",950 m from centre,Studio Apartment,3 out of 5,8.6,Fabulous,213 reviews,"VND 654,075",
Nouveau Happy Inn,"10.7722895443782,106.690992414951",850 m from centre,Double Room - Day Use 4 hours,2 out of 5,5.8,Review score,73 reviews,"VND 100,000",
Sunshine Boutique Hotel Phu My Hung,"10.732096,106.70985",4.6 km from centre,Standard Double Room,3 out of 5,7.8,Good,66 reviews,"VND 414,375",
A&EM Saigon Hotel,"10.7744001259127,106.696536540985",400 m from centre,Premium Deluxe Double Room,4 out of 5,8.0,Very good,543 reviews,"VND 1,104,180",Breakfast included
Emerald Central,"10.7896181871715,106.686957790178",2.4 km from centre,Standard Double Room,3 out of 5,8.8,Fabulous,166 reviews,"VND 778,050",
Aiden Saigon Hotel,"10.742016,106.628979",8 km from centre,Standard Twin Room,,8.1,Very good,211 reviews,"VND 624,960",
Boutique Hotel By Diamond Suites,"10.7306551060043,106.707761585712",4.7 km from centre,Superior Double Room,3 out of 5,8.2,Very good,58 reviews,"VND 470,250",Breakfast included
Eden Garden Hotel,"10.7679827000924,106.694594621658",600 m from centre,Double Room - Day Use 2 hours,3 out of 5,9.1,Superb,28 reviews,"VND 110,000","FREE cancellation,• No prepayment needed"
Amanaki Saigon Boutique Hotel,"10.7722184009226,106.703598797321",600 m from centre,DayUse Offer 2hrs Only (08:00-18:00) - Overnight Extra Charge,4 out of 5,9.3,Superb,59 reviews,"VND 336,000",
Blue Diamond Luxury Hotel,"10.777787,106.705417",1.1 km from centre,Deluxe Double,4 out of 5,8.3,Very good,270 reviews,"VND 809,682",Breakfast included
Aurora Hotel,"10.786735,106.687106",2.1 km from centre,Double Room with Private Bathroom,1 out of 5,7.6,Good,112 reviews,"VND 360,000",
Park Hill Hotel - Phu My Hung,"10.730875,106.707083",4.7 km from centre,Day Use Double Room - Max 4 Hours Stay,3 out of 5,8.5,Very good,169 reviews,"VND 350,000",
ALUNA Ben Thanh Hotel,"10.771842,106.696537",200 m from centre,Superior Double Room,3 out of 5,8.3,Very good,292 reviews,"VND 390,001",
Meander Saigon,"10.773341,106.696899",300 m from centre,Twin Room with View,2 out of 5,9.4,Superb,44 reviews,"VND 970,000",
Maison De Camille Boutique Hotel,"10.7972323582986,106.70544792898",3 km from centre,Artist Room,4 out of 5,9.0,Superb,587 reviews,"VND 767,000",
Savanna Hotel,"10.76422,106.689887",1.2 km from centre,Standard Double Room,2 out of 5,8.1,Very good,412 reviews,"VND 288,000","FREE cancellation,• No prepayment needed"
Ramana Saigon Hotel,"10.7876640411256,106.677621603012",2.9 km from centre,Superior Double or Twin Room,4 out of 5,7.8,Good,112 reviews,"VND 855,255","FREE cancellation,• No prepayment needed"
An Nam Corner - Dreamer,"10.765888,106.691318",1 km from centre,Standard Double Room,,8.1,Very good,153 reviews,"VND 252,000",
Bay Hotel Ho Chi Minh,"10.7806162303549,106.706836420971",1.4 km from centre,Superior Queen Room with Free Mini Bar,4 out of 5,8.2,Very good,388 reviews,"VND 1,101,986",FREE cancellation
Meow Hotel & Cafe,"10.766785,106.689469",1.1 km from centre,Budget Double Room,,8.4,Very good,161 reviews,"VND 235,000",
7s Bien Xanh Hotel Quan 10,"10.766616,106.674056",2.8 km from centre,Superior Double Room,3 out of 5,7.9,Good,79 reviews,"VND 432,173",
Royal Hotel Saigon,"10.774434379923,106.702955067158",650 m from centre,Deluxe Room,4 out of 5,8.1,Very good,285 reviews,"VND 1,136,174",
Galaxy Hotel,"10.8492,106.678572",8 km from centre,Queen Room,,7.9,Good,226 reviews,"VND 315,000","FREE cancellation,• No prepayment needed"
The Bloom Pham Viet Chanh,"10.790097,106.709039",2.4 km from centre,Superior Studio,3 out of 5,9.1,Superb,169 reviews,"VND 988,110",Breakfast included
Apartmentel - Leman Luxury,"10.777919,106.689789",1.2 km from centre,One-Bedroom Apartment,4 out of 5,9.3,Superb,23 reviews,"VND 1,518,583","FREE cancellation,• No prepayment needed"
Galaxy Hotel,"10.8492,106.678572",8 km from centre,Queen Room,,7.9,Good,226 reviews,"VND 315,000","FREE cancellation,• No prepayment needed"
The Bloom Pham Viet Chanh,"10.790097,106.709039",2.4 km from centre,Superior Studio,3 out of 5,9.1,Superb,169 reviews,"VND 988,110",Breakfast included
Apartmentel - Leman Luxury,"10.777919,106.689789",1.2 km from centre,One-Bedroom Apartment,4 out of 5,9.3,Superb,23 reviews,"VND 1,518,583","FREE cancellation,• No prepayment needed"
Le Meridien Saigon,"10.7796437987214,106.707429751732",1.4 km from centre,"Premier Classic, Guest room, 1 King, City view",5 out of 5,8.7,Fabulous,139 reviews,"VND 3,234,000",
S Lux Apartment,"10.766608,106.703236",800 m from centre,Deluxe King Studio,4 out of 5,9.4,Superb,36 reviews,"VND 1,398,250",
La Memoria Hotel - City Centre,"10.7636230938754,106.689761281013",1.3 km from centre,Standard Double Room,3 out of 5,9.3,Superb,122 reviews,"VND 400,000",
Go Sweet House - Rivergate Residence,"10.762685679164,106.698799640475",1 km from centre,Apartment,4 out of 5,9.1,Superb,197 reviews,"VND 540,000","FREE cancellation,• No prepayment needed"
Sabay Airport Apartment - The Connect,"10.809949,106.66566",5 km from centre,Apartment with Window,3 out of 5,9.0,Superb,331 reviews,"VND 475,200",
Bong Sen Hotel Saigon,"10.7755489505923,106.703703403473",750 m from centre,Superior Double or Twin Room - No Window,3 out of 5,7.7,Good,148 reviews,"VND 784,000",
The Arrivals Tower-Near Airport-10 stars,"10.798557583574,106.679022146733",3.7 km from centre,Standard Studio,3 out of 5,9.8,Exceptional,74 reviews,"VND 433,650",
Apartment RIVERGate,"10.7619406,106.6994216",1.1 km from centre,King Studio,,8.6,Fabulous,5 reviews,"VND 899,100",
Caroline Hotel,"10.778516,106.672995",2.9 km from centre,Deluxe Studio,2 out of 5,7.7,Good,113 reviews,"VND 368,118",
The Art - G9 Homestay,"10.766085,106.686007",1.5 km from centre,Standard Double Room,,9.5,Exceptional,491 reviews,"VND 499,320",
Central Park Saigon Hotel,"10.7885387960656,106.690203845501",2.1 km from centre,Standard King Room,3 out of 5,7.9,Good,117 reviews,"VND 582,200",
Silverland Sil Hotel & Spa,"10.7803128373388,106.703612208366",1.1 km from centre,Superior Double Room without Window,3 out of 5,8.0,Very good,229 reviews,"VND 563,258",
Saigon Hanoi Hotel,"10.7776331603218,106.705476343632",1.1 km from centre,Superior Double Room - No Breakfast,3 out of 5,7.9,Good,63 reviews,"VND 500,000","FREE cancellation,• No prepayment needed"
Blue Sky Hotel,"10.812307,106.66856",5 km from centre,Superior Queen Room,3 out of 5,8.1,Very good,490 reviews,"VND 622,080",
Minh Chau Hotel,"10.7789795890226,106.673973798752",2.8 km from centre,Studio,2 out of 5,7.6,Good,323 reviews,"VND 312,390","FREE cancellation,• No prepayment needed"
Reddoorz Hoang Minh Hotel,"10.801794,106.646551",6 km from centre,Standard Double Room,,7.6,Good,92 reviews,"VND 320,000",FREE cancellation
Saki Aparthotel,"10.7236927777209,106.709400124179",5 km from centre,King Room - Basement,4 out of 5,9.5,Exceptional,93 reviews,"VND 280,150",
Vân Anh Luxury,"10.7681157448536,106.697561125131",400 m from centre,Deluxe Double Room,3 out of 5,8.2,Very good,653 reviews,"VND 403,200",Breakfast included
Dream Luxury Home Saigon Center,"10.773220020526,106.695427753373",400 m from centre,Deluxe Suite,,8.2,Very good,46 reviews,"VND 400,000",
Giang Linh Hotel,"10.771553,106.693949",500 m from centre,Double Room,3 out of 5,7.8,Good,85 reviews,"VND 240,000",
Saigon Domaine Luxury Residences,"10.826835809872,106.735632419586",7 km from centre,One-Bedroom Apartment,5 out of 5,8.6,Fabulous,272 reviews,"VND 2,048,236",
Bonita Grand Hotel,"10.7552334082982,106.680488381535",2.7 km from centre,King Room,2 out of 5,7.1,Good,201 reviews,"VND 420,000","FREE cancellation,• No prepayment needed"
Thien Ha Hotel & Apartment,"10.7365391776597,106.730616709926",5 km from centre,Superior Double Room with City View,2 out of 5,8.1,Very good,255 reviews,"VND 401,540","Breakfast included,FREE cancellation,• No prepayment needed"
Country House 373,"10.7664489200521,106.690123906746",1.1 km from centre,Standard King Room,2 out of 5,8.3,Very good,470 reviews,"VND 390,218",Breakfast included
The Hut Boutique Hotel-Notre Dame,"10.786279,106.692978",1.8 km from centre,Standard Double Room,3 out of 5,9.1,Superb,642 reviews,"VND 448,603",
An Bình House Saigon,"10.7806251894013,106.674275381615",2.9 km from centre,Studio Apartment,3 out of 5,7.6,Good,59 reviews,"VND 360,000",
Love Hotel Airport,"10.8154641676104,106.672862845404",5 km from centre,Superior Twin Room,1 out of 5,8.6,Fabulous,106 reviews,"VND 433,500",
Cherry Hotel and Apartment,"10.802714,106.643929",6 km from centre,Day Use Offer for Same Day Stay - Extra Charge for Overnight Stay,3 out of 5,8.4,Very good,257 reviews,"VND 400,000","FREE cancellation,• No prepayment needed"
Shibrowns Nguyễn Đình Chiểu,"10.772566,106.685734",1.4 km from centre,Standard Double Room,3 out of 5,7.7,Good,159 reviews,"VND 270,000",
ACE Hotel,"10.7690195630017,106.690238714218",950 m from centre,Standard Double Room,2 out of 5,7.5,Good,254 reviews,"VND 284,200","FREE cancellation,• No prepayment needed"
Rang Dong Hotel,"10.7720603042946,106.691885590553",750 m from centre,Superior Double Room,3 out of 5,8.3,Very good,135 reviews,"VND 641,250",
Green Cocoon,"10.7960575,106.706614",2.9 km from centre,One-Bedroom Apartment,2 out of 5,8.5,Very good,196 reviews,"VND 351,000",
Cozrum Homes - Aurora House,"10.773378,106.682384",1.8 km from centre,Studio Apartment,3 out of 5,8.5,Very good,115 reviews,"VND 2,046,097","FREE cancellation,• No prepayment needed"
BLESSED Hotel,"10.7334552002149,106.708667006117",4.4 km from centre,Double Room with Garden View,3 out of 5,8.6,Fabulous,12 reviews,"VND 893,640",Breakfast included
Cactusland Boutique Hotel,"10.779857,106.679093",2.3 km from centre,Standard Double Room,3 out of 5,8.6,Fabulous,194 reviews,"VND 400,400",
DDA Hotel District 1,"10.7673358117681,106.694135963917",650 m from centre,Day Use 2 hours - Standard Double Room,2 out of 5,9.6,Exceptional,14 reviews,"VND 80,000","FREE cancellation,• No prepayment needed"
The Six Hotel,"10.8019042508812,106.676015294478",4.2 km from centre,Standard King Room,2 out of 5,8.4,Very good,184 reviews,"VND 497,250",
Sen Viet Hotel,"10.7705847317646,106.681600660086",1.9 km from centre,Deluxe Double or Twin Room,3 out of 5,6.2,Review score,22 reviews,"VND 720,000",Breakfast included
RedDoorz near Vincom Go Vap,"10.831522,106.689607",6 km from centre,Economy Double Room,2 out of 5,7.6,Good,93 reviews,"VND 230,400",FREE cancellation
SECC Scenic Valley,"10.7318916,106.7167233",4.8 km from centre,Standard Apartment,,,,,"VND 1,368,000",
9 Hostel and Bar,"10.772065,106.690822",850 m from centre,Deluxe Twin Room,,8.6,Fabulous,"1,255 reviews","VND 314,653",
The Spring Hotel,"10.7788741936469,106.703141480684",1 km from centre,Economy Double or Twin Room,3 out of 5,7.8,Good,188 reviews,"VND 440,000",
Vera Saigon Apartments - Vinhomes Serviced Apartments Luxhome,"10.7950532,106.7195939",3.5 km from centre,One-Bedroom Apartment,3 out of 5,9.5,Exceptional,22 reviews,"VND 1,530,000","FREE cancellation,• No prepayment needed"
U&A Residences,"10.78595,106.693357",1.7 km from centre,Standard Double Room,3 out of 5,8.6,Fabulous,87 reviews,"VND 349,566","FREE cancellation,• No prepayment needed"
Cozrum Homes The Gallery Residence,"10.807860591528,106.68688669885",4.2 km from centre,Studio with Balcony,3 out of 5,9.1,Superb,79 reviews,"VND 562,134","FREE cancellation,• No prepayment needed"
Grand Cititel Central Saigon Hotel,"10.7719996661596,106.695109625795",400 m from centre,Grand Superior with Rooftop Pool,4 out of 5,8.2,Very good,218 reviews,"VND 807,500",
RedDoorz Plus & Cloud 9 Quang Trung,"10.845145,106.638842",10 km from centre,Executive Suite,,7.8,Good,57 reviews,"VND 475,200",FREE cancellation
Meow Hotel & Cafe,"10.766785,106.689469",1.1 km from centre,Budget Double Room,,8.4,Very good,161 reviews,"VND 235,000",
Yen Nam Hotel,"10.7971178,106.6751454",3.9 km from centre,Superior Double Room,3 out of 5,7.6,Good,69 reviews,"VND 486,000",
RedDoorz Plus & Cloud 9 Quang Trung,"10.845145,106.638842",10 km from centre,Executive Suite,,7.8,Good,57 reviews,"VND 475,200",FREE cancellation
The Wooden Apartments - In the heart of Ben Thanh,"10.76801,106.6950628",550 m from centre,Apartment with Terrace,3 out of 5,8.3,Very good,97 reviews,"VND 867,150",
Asian Kitchen Hotel,"10.769062,106.693738",600 m from centre,Superior Double or Twin Room,2 out of 5,8.5,Very good,732 reviews,"VND 283,929","Breakfast included,FREE cancellation,• No prepayment needed"
New Hampton Hospitality - Cornelia Hotel & Apartment,"10.798579,106.706149",3.1 km from centre,One-Bedroom Apartment,3 out of 5,9.4,Superb,171 reviews,"VND 524,000",
The Bloom Pham Viet Chanh,"10.790097,106.709039",2.4 km from centre,Superior Studio,3 out of 5,9.1,Superb,169 reviews,"VND 988,110",Breakfast included
H79 HOTEL,"10.8009308090862,106.660005370535",5 km from centre,Deluxe Double Room (2 Adults + 1 Child),2 out of 5,8.0,Very good,303 reviews,"VND 342,380","FREE cancellation,• No prepayment needed"
Apartmentel - Leman Suites,"10.777883,106.689943",1.2 km from centre,One-Bedroom Apartment,4 out of 5,9.7,Exceptional,4 reviews,"VND 1,539,386",FREE cancellation
Aiden Saigon Hotel,"10.742016,106.628979",8 km from centre,Standard Twin Room,,8.1,Very good,211 reviews,"VND 624,960",
Zazz Urban Ho Chi Minh,"10.758245,106.67387",3 km from centre,Standard Double Room,4 out of 5,8.5,Very good,67 reviews,"VND 1,106,262",
Holiday Hotel,"10.7717072215258,106.693744361401",500 m from centre,Deluxe Double Room,2 out of 5,7.8,Good,182 reviews,"VND 218,700",
Sunrise Central Hotel,"10.7734594565693,106.696488261223",300 m from centre,Deluxe Twin Room No Window,3 out of 5,8.0,Very good,271 reviews,"VND 492,480",
Ngoi Sao Phuong Nam Hotel,"10.832904,106.615835",11 km from centre,Standard King Room,1 out of 5,7.6,Good,118 reviews,"VND 225,000","FREE cancellation,• No prepayment needed"
SAKI APARTHOTEL 4,"10.726482122545,106.706324106009",5 km from centre,Deluxe Room,3 out of 5,9.7,Exceptional,25 reviews,"VND 350,000",
Bay Hotel Ho Chi Minh,"10.7806162303549,106.706836420971",1.4 km from centre,Superior Queen Room with Free Mini Bar,4 out of 5,8.2,Very good,388 reviews,"VND 1,101,986",FREE cancellation
Cozrum Homes Ambera House,"10.765090859558,106.685193101852",1.6 km from centre,Superior Apartment,3 out of 5,8.8,Fabulous,44 reviews,"VND 498,599","FREE cancellation,• No prepayment needed"
Le Jardin Secret Saigon,"10.760187,106.696461",1.3 km from centre,Standard Double Room,,8.6,Fabulous,93 reviews,"VND 704,000",Breakfast included
Sen Viet Hotel,"10.7705847317646,106.681600660086",1.9 km from centre,Deluxe Double or Twin Room,3 out of 5,6.2,Review score,22 reviews,"VND 720,000",Breakfast included
A&EM Signature Hotel,"10.7738362516451,106.697314381599",300 m from centre,Deluxe Twin Room - No Window,4 out of 5,8.0,Very good,496 reviews,"VND 1,828,350",Breakfast included
Apartmentel - Leman Luxury,"10.777919,106.689789",1.2 km from centre,One-Bedroom Apartment,4 out of 5,9.3,Superb,23 reviews,"VND 1,518,583","FREE cancellation,• No prepayment needed"
8B Aparthotel,"10.8078247494,106.665678133366",5 km from centre,Deluxe King Room,3 out of 5,9.4,Superb,67 reviews,"VND 637,500","FREE cancellation,• No prepayment needed"
Roseland Centa Hotel & Spa,"10.780740388802,106.70501446737",1.3 km from centre,Deluxe Double Room,4 out of 5,8.3,Very good,285 reviews,"VND 838,800",
The HOMEE,"10.7339825074257,106.701771092343",4.2 km from centre,Studio Apartment,3 out of 5,7.9,Good,333 reviews,"VND 324,472",
Gia Long King Hotel,"10.7717335710005,106.693765819073",500 m from centre,Superior Double Room,3 out of 5,8.8,Fabulous,821 reviews,"VND 359,170","FREE cancellation,• No prepayment needed"
Galaxy Hotel,"10.8492,106.678572",8 km from centre,Queen Room,,7.9,Good,226 reviews,"VND 315,000","FREE cancellation,• No prepayment needed"
Tuong Vi Corner,"10.772193,106.669523",3.1 km from centre,Superior Double Room,3 out of 5,8.3,Very good,13 reviews,"VND 716,680","FREE cancellation,• No prepayment needed"
9 Hostel and Bar,"10.772065,106.690822",850 m from centre,Deluxe Twin Room,,8.6,Fabulous,"1,255 reviews","VND 314,653",
Cozrum Homes - Saphera Residence,"10.760303,106.690132",1.6 km from centre,Superior Apartment,3 out of 5,9.0,Superb,64 reviews,"VND 464,603","FREE cancellation,• No prepayment needed"
Hà Nội Hotel,"10.796567,106.66023",5 km from centre,Deluxe King Room,3 out of 5,8.1,Very good,479 reviews,"VND 900,000","Breakfast included,FREE cancellation"
An Nam Corner - Dreamer,"10.765888,106.691318",1 km from centre,Standard Double Room,,8.1,Very good,153 reviews,"VND 252,000",
Saki Aparthotel,"10.7236927777209,106.709400124179",5 km from centre,King Room - Basement,4 out of 5,9.5,Exceptional,93 reviews,"VND 280,150",
Cozrum Homes Citi Park,"10.791398673327,106.705061913383",2.4 km from centre,Superior Apartment,,8.8,Fabulous,122 reviews,"VND 422,189","FREE cancellation,• No prepayment needed"
INDO Serviced Apartment,"10.7793134767875,106.704900253967",1.1 km from centre,Standard Studio,3 out of 5,8.3,Very good,208 reviews,"VND 510,000",
The Lumiere,"10.802808,106.64065",7 km from centre,Standard Double Room,3 out of 5,8.1,Very good,40 reviews,"VND 425,000",
Love Hotel Airport,"10.8154641676104,106.672862845404",5 km from centre,Superior Twin Room,1 out of 5,8.6,Fabulous,106 reviews,"VND 433,500",
Ciao SaiGon Hotel & Spa,"10.8083495331782,106.66547543684",5 km from centre,Deluxe Double Room with Window,4 out of 5,8.1,Very good,258 reviews,"VND 2,258,824",Breakfast included
The Spring Hotel,"10.7788741936469,106.703141480684",1 km from centre,Economy Double or Twin Room,3 out of 5,7.8,Good,188 reviews,"VND 440,000",
Savanna Hotel,"10.76422,106.689887",1.2 km from centre,Standard Double Room,2 out of 5,8.1,Very good,412 reviews,"VND 288,000","FREE cancellation,• No prepayment needed"
Reddoorz Hoang Minh Hotel,"10.801794,106.646551",6 km from centre,Standard Double Room,,7.6,Good,92 reviews,"VND 320,000",FREE cancellation
Liberty Central Saigon Centre Hotel,"10.773651806562,106.698660850525",250 m from centre,Deluxe Double or Twin Room - Room Only,4 out of 5,8.4,Very good,585 reviews,"VND 1,016,400",
The Hammock Hotel Fine Arts Museum,"10.7694938574251,106.70022726059",350 m from centre,Cozy Twin Nest,3 out of 5,9.3,Superb,563 reviews,"VND 909,150",Breakfast included
Capri by Fraser Ho Chi Minh City,"10.7301881293743,106.723744869232",5 km from centre,Studio Deluxe Apartment,4 out of 5,7.9,Good,84 reviews,"VND 1,486,485",
SABINA Residence - HCM,"10.7334077645354,106.708723634361",4.4 km from centre,Superior Without Window (Basement),3 out of 5,8.8,Fabulous,206 reviews,"VND 390,600",
Sach Hotel,"10.854838,106.773045",12 km from centre,Deluxe Room (2 Adults + 1 Child),,6.8,Review score,115 reviews,"VND 392,445",
Garden View Court,"10.7749956181517,106.696622371674",450 m from centre,Standard One-Bedroom Apartment,4 out of 5,8.9,Fabulous,207 reviews,"VND 1,777,775",Breakfast included
Vien Dong Hotel,"10.7680815118322,106.692118942738",800 m from centre,Superior Double or Twin Room,3 out of 5,8.0,Very good,382 reviews,"VND 847,341",Breakfast included
7s Bien Xanh Hotel Quan 10,"10.766616,106.674056",2.8 km from centre,Superior Double Room,3 out of 5,7.9,Good,79 reviews,"VND 432,173",
Dream Luxury Home Saigon Center,"10.773220020526,106.695427753373",400 m from centre,Deluxe Suite,,8.2,Very good,46 reviews,"VND 400,000",
24h Saigon Hotel,"10.765362,106.693114",900 m from centre,Mixed Dormitory Room,,8.0,Very good,645 reviews,"VND 221,840","FREE cancellation,• No prepayment needed"
Ciao SaiGon Hotel & Spa,"10.8083495331782,106.66547543684",5 km from centre,Deluxe Double Room with Window,4 out of 5,8.1,Very good,258 reviews,"VND 2,258,824",Breakfast included
Green Star Hotel,"10.7667274196689,106.691110560793",950 m from centre,Standard Double Room,3 out of 5,7.5,Good,"1,229 reviews","VND 500,000",
VENUS HOTEL near SECC - FV Hospital,"10.7368864842102,106.720793820068",4.6 km from centre,Double Room - Day Use 4 hours,1 out of 5,8.1,Very good,85 reviews,"VND 157,500","FREE cancellation,• No prepayment needed"
Woody House Saigon Center,"10.771922,106.693279",600 m from centre,Executive Studio,3 out of 5,9.5,Exceptional,48 reviews,"VND 500,000",
Anh Dao Hotel,"10.751147,106.6133709",9 km from centre,King Room,2 out of 5,7.7,Good,126 reviews,"VND 480,000",
The MOKA Hotel,"10.771221,106.692824",600 m from centre,Deluxe King Room,3 out of 5,7.7,Good,361 reviews,"VND 384,750",
Roseland Centa Hotel & Spa,"10.780740388802,106.70501446737",1.3 km from centre,Deluxe Double Room,4 out of 5,8.3,Very good,285 reviews,"VND 838,800",
Song Xanh Hotel near SECC - FV,"10.736854,106.720763",4.6 km from centre,Double Room - Day Use 4 hours,2 out of 5,7.7,Good,286 reviews,"VND 175,000","FREE cancellation,• No prepayment needed"
Cap Town Hotel,"10.7719364618781,106.695050597191",400 m from centre,Superior Double Room,3 out of 5,8.7,Fabulous,223 reviews,"VND 658,000",
Bland Landmark Plus Luxury Residence,"10.7951781542204,106.719777348549",3.5 km from centre,Deluxe Apartment with Balcony,4 out of 5,9.5,Exceptional,50 reviews,"VND 1,055,556","FREE cancellation,• No prepayment needed"
Prague Thiên Phúc Hotel,"10.768450408708,106.693832874298",600 m from centre,Standard Double Room,2 out of 5,8.8,Fabulous,43 reviews,"VND 662,017",
Botanic House Saigon,"10.769404,106.697674",250 m from centre,Superior Double Room,3 out of 5,8.4,Very good,383 reviews,"VND 360,000",
Golden Crown Hotel,"10.7967118351887,106.672503948212",4 km from centre,Standard King Room,3 out of 5,6.7,Review score,95 reviews,"VND 617,773",
The Luxe Hotel,"10.7724423710036,106.696464121342",250 m from centre,Deluxe Queen Room - No Window,3 out of 5,8.2,Very good,158 reviews,"VND 601,600",
PARAGON Saigon,"10.8024504859719,106.720964975655",4.2 km from centre,Superior Apartment,3 out of 5,7.8,Good,45 reviews,"VND 397,800",
Diamond Suite Hai Ba Trung,"10.790731271191,106.688232421875",2.5 km from centre,Deluxe Apartment,4 out of 5,8.5,Very good,171 reviews,"VND 540,000",Breakfast included
A&EM Signature Hotel,"10.7738362516451,106.697314381599",300 m from centre,Deluxe Twin Room - No Window,4 out of 5,8.0,Very good,496 reviews,"VND 1,828,350",Breakfast included
Nhật Vân 1,"10.770338,106.6714",3 km from centre,Double Room,,7.5,Good,190 reviews,"VND 300,000",
Truong Giang Hotel,"10.7507084486899,106.661480297553",4.7 km from centre,Standard Double Room,1 out of 5,7.4,Good,101 reviews,"VND 288,000",
"Gem Villa 204B7, 6Bedr, 6 Bathroom, Dist2","10.8134342,106.732622",6 km from centre,Villa with Private Pool,3 out of 5,,,,"VND 6,300,000",
Cozrum Homes Citi Park,"10.791398673327,106.705061913383",2.4 km from centre,Superior Apartment,,8.8,Fabulous,122 reviews,"VND 422,189","FREE cancellation,• No prepayment needed"
Vinhomes Golden River,"10.783643262445,106.709626477487",1.9 km from centre,One-Bedroom Apartment,,,,,"VND 1,656,000",
RedDoorz Quynh Giang near HIECC Tan Binh,"10.795965,106.659336",5 km from centre,Economy Double Room,2 out of 5,8.0,Very good,366 reviews,"VND 338,400",FREE cancellation
A&EM Phan Boi Chau,"10.7732196776392,106.698384582996",200 m from centre,Senior Deluxe Double Room,3 out of 5,7.6,Good,219 reviews,"VND 822,500",Breakfast included
ND Hotel,"10.8012263026991,106.641612054648",7 km from centre,Superior Double Room,2 out of 5,8.2,Very good,230 reviews,"VND 297,500",
Parklane Hotel Saigon South,"10.7201974792314,106.732773116802",6 km from centre,Standard Twin Room,2 out of 5,8.4,Very good,86 reviews,"VND 500,000",Breakfast included
Truong Giang Hotel,"10.7507084486899,106.661480297553",4.7 km from centre,Standard Double Room,1 out of 5,7.4,Good,101 reviews,"VND 288,000",
The MOKA Hotel,"10.771221,106.692824",600 m from centre,Deluxe King Room,3 out of 5,7.7,Good,361 reviews,"VND 384,750",
Renaissance Riverside Hotel Saigon,"10.7745002530087,106.706251502037",950 m from centre,"Deluxe City 2 Single Beds, Guest room, 2 Single Beds",5 out of 5,8.4,Very good,132 reviews,"VND 2,420,000",Breakfast included
7s Simmi Apartment Phu My Hung,"10.7337065595677,106.707329780773",4.3 km from centre,Apartment - Ground Floor,3 out of 5,9.3,Superb,40 reviews,"VND 448,000",
A&EM Phan Boi Chau,"10.7732196776392,106.698384582996",200 m from centre,Senior Deluxe Double Room,3 out of 5,7.6,Good,219 reviews,"VND 822,500",Breakfast included
Cozrum Homes - Dragon House,"10.787027,106.696458",1.8 km from centre,Superior Studio,3 out of 5,8.2,Very good,38 reviews,"VND 426,321","FREE cancellation,• No prepayment needed"
Cozrum Homes May's House,"10.766396276972,106.694927137831",700 m from centre,Superior Studio,3 out of 5,9.3,Superb,18 reviews,"VND 560,450","FREE cancellation,• No prepayment needed"
PARAGON Saigon,"10.8024504859719,106.720964975655",4.2 km from centre,Superior Apartment,3 out of 5,7.8,Good,45 reviews,"VND 397,800",
Hikari Hotel,"10.800401,106.639226",7 km from centre,Double Room,2 out of 5,8.3,Very good,218 reviews,"VND 292,500","FREE cancellation,• No prepayment needed"
GEM Apartment,"10.8095822103481,106.751531909115",7 km from centre,Deluxe Apartment,3 out of 5,9.2,Superb,163 reviews,"VND 496,157",
24h Saigon Hotel,"10.765362,106.693114",900 m from centre,Mixed Dormitory Room,,8.0,Very good,645 reviews,"VND 221,840","FREE cancellation,• No prepayment needed"
Victory Sai Gon Hotel,"10.780304932722,106.693629026413",1.1 km from centre,Deluxe Double or Twin Room,3 out of 5,7.5,Good,183 reviews,"VND 1,035,000",Breakfast included
Glenwood Suites,"10.8072310833502,106.731854072422",5 km from centre,Two-Bedroom Apartment,3 out of 5,8.4,Very good,28 reviews,"VND 1,062,682",
Hoa Phat Hotel & Apartment,"10.8392596845179,106.74095928669",8 km from centre,Superior Room,3 out of 5,8.3,Very good,254 reviews,"VND 441,000","FREE cancellation,• No prepayment needed"
Sunshine Antique Hotel Saigon,"10.757177,106.686311",2.1 km from centre,Day Use Offer (4 hours) - Superior Double or Twin Room,4 out of 5,8.2,Very good,121 reviews,"VND 498,000",
The One Hotel Ben Thanh,"10.7724158020259,106.694825828108",400 m from centre,Day Use Offer (2 hours) same day stay - Extra charge for overnight stay,3 out of 5,7.5,Good,345 reviews,"VND 80,000",
Dear Homie,"10.789845,106.691246",2.2 km from centre,Superior Double Room,2 out of 5,8.5,Very good,55 reviews,"VND 450,000",
Minh Chau Hotel,"10.7789795890226,106.673973798752",2.8 km from centre,Studio,2 out of 5,7.6,Good,323 reviews,"VND 312,390","FREE cancellation,• No prepayment needed"
Ao Homestay - Rivergate Residence,"10.7627595,106.6986907",1 km from centre,Studio Apartment,3 out of 5,9.1,Superb,64 reviews,"VND 584,100",
Kelly Serviced Apartment Thao Dien,"10.8064456821204,106.730057448149",5 km from centre,Studio Apartment,3 out of 5,7.8,Good,79 reviews,"VND 440,000",
"Intercontinental Residence Saigon, an IHG hotel","10.7814853532094,106.699811518192",1.1 km from centre,One-Bedroom Suite,5 out of 5,9.1,Superb,55 reviews,"VND 4,207,088","FREE cancellation,• No prepayment needed"
Mellivoras's Sai Gon - The Aparthotel,"10.767084,106.694879",650 m from centre,King Room with Two King Beds,4 out of 5,9.0,Superb,40 reviews,"VND 534,375",
Sunrise City - 1 Bed Room - Full Furniture - City View,"10.743221,106.700986",3.2 km from centre,Apartment,,,,,"VND 1,846,757",
Nouveau Happy Inn,"10.7722895443782,106.690992414951",850 m from centre,Double Room - Day Use 4 hours,2 out of 5,5.8,Review score,73 reviews,"VND 100,000",
Sunrise City - 1 Bed Room - Full Furniture - City View,"10.743221,106.700986",3.2 km from centre,Apartment,,,,,"VND 1,846,757",
Nouveau Happy Inn,"10.7722895443782,106.690992414951",850 m from centre,Double Room - Day Use 4 hours,2 out of 5,5.8,Review score,73 reviews,"VND 100,000",
Thanh Lan Hotel,"10.752577,106.667397",4 km from centre,Double Room,1 out of 5,7.8,Good,194 reviews,"VND 301,750",
The Six Hotel,"10.8019042508812,106.676015294478",4.2 km from centre,Standard King Room,2 out of 5,8.4,Very good,184 reviews,"VND 497,250",
Hoang Yen Hotel,"10.7339595235205,106.707739329886",4.3 km from centre,Standard Queen Room,3 out of 5,8.8,Fabulous,132 reviews,"VND 336,600",
Erato Boutique Hotel,"10.8132012104489,106.667946046627",5 km from centre,Standard Double Room,2 out of 5,7.5,Good,470 reviews,"VND 384,000","FREE cancellation,• No prepayment needed"
Hung Miami Hotel,"10.791877878721,106.643437696751",6 km from centre,Standard King Room,2 out of 5,8.1,Very good,317 reviews,"VND 390,000","FREE cancellation,• No prepayment needed"
Ngoc Tung Riverside,"10.751770285139,106.712532699239",2.7 km from centre,Standard Double Room,2 out of 5,7.2,Good,237 reviews,"VND 260,000",FREE cancellation
Central Apartments - Free Pool&Gym - RiverGate Residence Building,"10.76277,106.6988962",1 km from centre,One-Bedroom Apartment,4 out of 5,9.2,Superb,75 reviews,"VND 450,000",
Atlas Hotel & Apartments,"10.729611,106.707132",4.8 km from centre,Apartment - Basement,3 out of 5,8.6,Fabulous,86 reviews,"VND 454,000",
VENUS HOTEL near SECC - FV Hospital,"10.7368864842102,106.720793820068",4.6 km from centre,Double Room - Day Use 4 hours,1 out of 5,8.1,Very good,85 reviews,"VND 157,500","FREE cancellation,• No prepayment needed"
Smiley Apartment 2,"10.7482322180565,106.687371432781",2.9 km from centre,One-Bedroom Apartment,3 out of 5,7.2,Good,35 reviews,"VND 288,150",
OYO 414 Saigon Home,"10.769616,106.668341",3.3 km from centre,Standard Double Room,2 out of 5,8.0,Very good,135 reviews,"VND 319,260","FREE cancellation,• No prepayment needed"
EdenStar Saigon Hotel & Spa,"10.7711828665007,106.689511835575",1 km from centre,Deluxe Double or Twin Room with Window,4 out of 5,8.6,Fabulous,803 reviews,"VND 1,187,160","Breakfast included,FREE cancellation,• No prepayment needed"
The One Loft Penthouse,"10.7689128,106.6971482",350 m from centre,One-Bedroom Apartment,,,,,"VND 1,728,000",
Nhật Vân 1,"10.770338,106.6714",3 km from centre,Double Room,,7.5,Good,190 reviews,"VND 300,000",
Anh Dao Hotel,"10.751147,106.6133709",9 km from centre,King Room,2 out of 5,7.7,Good,126 reviews,"VND 480,000",
Cozrum Homes - Rivera Corner,"10.7633770973648,106.696915863754",950 m from centre,Superior Studio,3 out of 5,9.2,Superb,85 reviews,"VND 450,786","FREE cancellation,• No prepayment needed"
Aloha Hotel,"10.751086,106.616934",9 km from centre,Standard Double Room,2 out of 5,7.6,Good,31 reviews,"VND 269,500","FREE cancellation,• No prepayment needed"
Sherwood Suites,"10.7824739625453,106.692301162214",1.4 km from centre,Studio,5 out of 5,9.4,Superb,327 reviews,"VND 3,141,600",
Capitalland's Service Apartment Landmark 6 Vinhomes,"10.795478,106.719256",3.5 km from centre,One-Bedroom Apartment,3 out of 5,7.9,Good,9 reviews,"VND 902,500",
Maison Royale,"10.788585,106.685262",2.4 km from centre,Studio,,9.6,Exceptional,373 reviews,"VND 380,000",Breakfast included
Athena Hotel,"10.777641062511,106.665347773016",3.7 km from centre,Deluxe Double or Twin Room,4 out of 5,7.9,Good,109 reviews,"VND 1,127,500",Breakfast included
Cozrum Homes Lý Chính Thắng,"10.790681126129,106.687449012303",2.5 km from centre,Superior Studio,,9.0,Superb,273 reviews,"VND 449,832","FREE cancellation,• No prepayment needed"
Cherry Apartment - Thao Dien Centre,"10.7957467045383,106.732334252007",4.6 km from centre,Standard Apartment,3 out of 5,9.4,Superb,93 reviews,"VND 482,400",
Ngoc Linh Hotel,"10.819119,106.696684",5 km from centre,Standard Double Room,2 out of 5,7.9,Good,148 reviews,"VND 338,580",
"Intercontinental Residence Saigon, an IHG hotel","10.7814853532094,106.699811518192",1.1 km from centre,One-Bedroom Suite,5 out of 5,9.1,Superb,55 reviews,"VND 4,207,088","FREE cancellation,• No prepayment needed"
Nhu Y Hotel,"10.743521,106.617546",9 km from centre,Superior Queen Room,2 out of 5,7.3,Good,146 reviews,"VND 270,000",
Dear Homie,"10.789845,106.691246",2.2 km from centre,Superior Double Room,2 out of 5,8.5,Very good,55 reviews,"VND 450,000",
Gia Vien Hotel,"10.7686243170785,106.694168150425",600 m from centre,Day Use 3 hours - Double Room,3 out of 5,8.2,Very good,359 reviews,"VND 255,000",
Capri by Fraser Ho Chi Minh City,"10.7301881293743,106.723744869232",5 km from centre,Studio Deluxe Apartment,4 out of 5,7.9,Good,84 reviews,"VND 1,486,485",
RedDoorz @ Nguyen Kiem Street,"10.8087350258912,106.678571948479",4.7 km from centre,Standard Double Room,3 out of 5,7.4,Good,184 reviews,"VND 338,400",FREE cancellation
Villa Song Saigon,"10.8161765788591,106.732531785965",6 km from centre,Villa Room,4 out of 5,9.2,Superb,92 reviews,"VND 3,017,438",Breakfast included
Lavis 18 Residence,"10.7725009984384,106.681589260697",1.9 km from centre,Studio,4 out of 5,8.4,Very good,90 reviews,"VND 1,575,000",
LeBlanc Saigon,"10.7731643440128,106.684917211533",1.5 km from centre,Scandinavian Double Room,3 out of 5,8.3,Very good,131 reviews,"VND 483,327",
Roseland Sweet Hotel & Spa,"10.778362,106.704553",1.1 km from centre,Deluxe Room,4 out of 5,8.4,Very good,204 reviews,"VND 1,378,029",Breakfast included
Hoasun Boutique Apartment - Vinhomes Central Park,"10.7905257582035,106.722115762532",3.4 km from centre,Two-Bedroom Apartment with City View,4 out of 5,8.9,Fabulous,150 reviews,"VND 1,957,500",
Sabina Hotel,"10.730958,106.708339",4.7 km from centre,Superior Double Room,3 out of 5,8.8,Fabulous,68 reviews,"VND 900,000","Breakfast included,FREE cancellation,• No prepayment needed"
Bo's House,"10.802987,106.718518",4.2 km from centre,Deluxe Double Room with Balcony,,9.1,Superb,130 reviews,"VND 444,800",
Aquari Hotel,"10.7773512263477,106.70534491539",1.1 km from centre,Superior Double or Twin Room,3 out of 5,8.4,Very good,125 reviews,"VND 681,750",
Bonita Boutique Trịnh Văn Cấn,"10.7674471838041,106.696541905403",500 m from centre,Twin Room with Shared Toilet,2 out of 5,8.1,Very good,165 reviews,"VND 525,000",
Spacious Saigon - Infinity Pool & Gym,"10.7618131539409,106.699544745226",1.1 km from centre,Studio Apartment,3 out of 5,9.1,Superb,95 reviews,"VND 741,600",
7s Simmi Apartment Phu My Hung,"10.7337065595677,106.707329780773",4.3 km from centre,Apartment - Ground Floor,3 out of 5,9.3,Superb,40 reviews,"VND 448,000",
Hotel De Lucas,"10.844968,106.631584",10 km from centre,Standard King Room,2 out of 5,8.0,Very good,45 reviews,"VND 350,000",
Glenwood Suites,"10.8072310833502,106.731854072422",5 km from centre,Two-Bedroom Apartment,3 out of 5,8.4,Very good,28 reviews,"VND 1,062,682",
7s MyMy Hotel,"10.7714948374121,106.668815363091",3.2 km from centre,Standard Double Room,,8.0,Very good,66 reviews,"VND 473,458",
PANDORA HOTEL,"10.731154,106.707785",4.7 km from centre,Superior King Room,3 out of 5,8.4,Very good,12 reviews,"VND 825,792",
Hue My Hotel,"10.760016,106.667285",3.6 km from centre,Superior Double Room - No Window,3 out of 5,8.2,Very good,179 reviews,"VND 520,625",
Royal Dragon Boutique Hotel,"10.795599,106.659118",5 km from centre,Premier Double Room with City View,3 out of 5,8.3,Very good,188 reviews,"VND 1,900,000","Breakfast included,FREE cancellation,• No prepayment needed"
Melinda Hotel,"10.8003111821781,106.644128356129",6 km from centre,Standard King Room,2 out of 5,7.6,Good,140 reviews,"VND 299,200",
Cola's Homestay,"10.77216,106.687448",1.2 km from centre,Windowless Hideaway,,8.7,Fabulous,513 reviews,"VND 296,595",
Bo's House,"10.802987,106.718518",4.2 km from centre,Deluxe Double Room with Balcony,,9.1,Superb,130 reviews,"VND 444,800",
OYO 560 Le Ngan Phung Hotel,"10.7993248035649,106.691288830688",3.2 km from centre,Standard Double Room,2 out of 5,5.9,Review score,45 reviews,"VND 249,421",
Khách sạn Trang Thùy,"10.7953607657824,106.711142346287",3 km from centre,One-Bedroom Apartment,3 out of 5,7.2,Good,25 reviews,"VND 320,000",
Winston Hotel Riverside,"10.840074,106.741955",9 km from centre,Standard King Room,3 out of 5,8.2,Very good,27 reviews,"VND 450,000","FREE cancellation,• No prepayment needed"
Vinhomes Central Park 6 Capitalland,"10.79577,106.723654",3.9 km from centre,One-Bedroom Apartment,4 out of 5,9.0,Superb,39 reviews,"VND 950,000",
Ha Vy Hotel,"10.7664689001862,106.691257953644",950 m from centre,Standard Double Room - No Window,1 out of 5,7.5,Good,73 reviews,"VND 245,195",
Happy Coffee Guesthouse,"10.8001680028294,106.685917675495",3.5 km from centre,Small Double Room,3 out of 5,8.7,Fabulous,99 reviews,"VND 300,000",
LeBlanc Saigon,"10.7731643440128,106.684917211533",1.5 km from centre,Scandinavian Double Room,3 out of 5,8.3,Very good,131 reviews,"VND 483,327",
Wow! Home by Christine,"10.788897,106.714463",2.6 km from centre,One-Bedroom Apartment,,7.9,Good,18 reviews,"VND 910,000",
"Home, Cosy&Luxury Apartment - 5mins to Airport, Free Pool&Gym, Free Airport Pick up","10.808601483626,106.669818353187",5 km from centre,Studio Apartment,3 out of 5,8.6,Fabulous,43 reviews,"VND 1,296,000",
The Tomato Apartment,"10.801596,106.737342",5 km from centre,Duplex Apartment,4 out of 5,9.2,Superb,91 reviews,"VND 1,550,000",
Melinda Hotel,"10.8003111821781,106.644128356129",6 km from centre,Standard King Room,2 out of 5,7.6,Good,140 reviews,"VND 299,200",
Royal Dragon Boutique Hotel,"10.795599,106.659118",5 km from centre,Premier Double Room with City View,3 out of 5,8.3,Very good,188 reviews,"VND 1,900,000","Breakfast included,FREE cancellation,• No prepayment needed"
OYO 568 Hoang Long,"10.7785738420006,106.667270897553",3.5 km from centre,Small Double Room,2 out of 5,6.7,Review score,62 reviews,"VND 249,420",
Seven Apartment,"10.765496,106.704199",950 m from centre,Standard Studio,3 out of 5,9.1,Superb,77 reviews,"VND 600,000",
Gia Vien Hotel,"10.7686243170785,106.694168150425",600 m from centre,Day Use 3 hours - Double Room,3 out of 5,8.2,Very good,359 reviews,"VND 255,000",
New Space Hotel,"10.8114969037965,106.666911953373",5 km from centre,Standard Double Room,3 out of 5,8.2,Very good,462 reviews,"VND 605,381",
Cozrum Smart - First Target Hotel,"10.770963,106.688628",1.1 km from centre,Superior Double Room,,9.2,Superb,9 reviews,"VND 475,654","FREE cancellation,• No prepayment needed"
TeeUp Home - Luxury Serviced Apartment With Infinity Pool&Gym,"10.762351,106.698947",1.1 km from centre,Studio Apartment,3 out of 5,8.9,Fabulous,264 reviews,"VND 720,000",
The Luxe Hotel,"10.7724423710036,106.696464121342",250 m from centre,Deluxe Queen Room - No Window,3 out of 5,8.2,Very good,158 reviews,"VND 601,600",
Rosa Suite Hotel Ben Thanh,"10.7740575855957,106.696665287018",350 m from centre,Superior Double Room - Free Daily Minibar,3 out of 5,7.3,Good,150 reviews,"VND 350,000",
Hoasun Skyview Sunwah Pearl,"10.788102312029,106.718051050158",2.9 km from centre,Two-Bedroom Apartment,4 out of 5,10,Exceptional,5 reviews,"VND 3,700,000",
RedDoorz near Gia Dinh Park,"10.818816394069,106.685240417719",5 km from centre,Economy Double Room,2 out of 5,7.8,Good,14 reviews,"VND 306,000",FREE cancellation
M&H Hotel,"10.7719917978221,106.696187815344",250 m from centre,Superior Double Room without Window,2 out of 5,7.9,Good,265 reviews,"VND 480,000","FREE cancellation,• No prepayment needed"
Northern Charm Hotel,"10.781823,106.704273",1.4 km from centre,Deluxe Double Room,4 out of 5,8.8,Fabulous,6 reviews,"VND 1,361,600",Breakfast included
RedDoorz Plus Amore Hotel Nguyen Trai Street,"10.770241,106.691498",800 m from centre,Standard Double Room,3 out of 5,9.2,Superb,16 reviews,"VND 440,000",FREE cancellation
OYO 245 Amura Hotel,"10.7040872841813,106.729306241325",8 km from centre,Standard Double Room,2 out of 5,7.8,Good,203 reviews,"VND 219,490","FREE cancellation,• No prepayment needed"
Michael Apartment Scenic Valley,"10.72405,106.716133",5 km from centre,Apartment with Pool View,,9.2,Superb,12 reviews,"VND 1,443,050",
Aqua Long Son Hotel,"10.772195,106.652947",5 km from centre,Standard Double Room,2 out of 5,7.0,Good,26 reviews,"VND 236,550",
Hoàng Ngân Hotel and Suites - City Centre,"10.7678338236764,106.686419248581",1.4 km from centre,Standard Double or Twin Room,3 out of 5,9.1,Superb,111 reviews,"VND 277,425",
Smiley Apartment 2,"10.7482322180565,106.687371432781",2.9 km from centre,One-Bedroom Apartment,3 out of 5,7.2,Good,35 reviews,"VND 288,150",
Vien Dong Hotel,"10.7680815118322,106.692118942738",800 m from centre,Superior Double or Twin Room,3 out of 5,8.0,Very good,382 reviews,"VND 847,341",Breakfast included
Expo Scenic Valley,"10.7314306755566,106.717337071896",5 km from centre,Two-Bedroom Apartment,3 out of 5,9.1,Superb,39 reviews,"VND 1,597,140",
Nest Hotel,"10.7664380120354,106.69325832422",800 m from centre,Standard Double Room,2 out of 5,8.8,Fabulous,461 reviews,"VND 339,200","FREE cancellation,• No prepayment needed"
RIVER GATE RESIDENCE 4 NEAR BÙI VIỆN-FOOD STREET,"10.7619406,106.6994216",1.1 km from centre,Studio Apartment,3 out of 5,8.9,Fabulous,7 reviews,"VND 700,000",
RIVERGATE-ALICE APARTMENT,"10.762685,106.6988081",1 km from centre,Two-Bedroom Apartment,,,,,"VND 1,450,000",
Cherry Apartment - Thao Dien Centre,"10.7957467045383,106.732334252007",4.6 km from centre,Standard Apartment,3 out of 5,9.4,Superb,93 reviews,"VND 482,400",
RedDoorz near Gia Dinh Park,"10.818816394069,106.685240417719",5 km from centre,Economy Double Room,2 out of 5,7.8,Good,14 reviews,"VND 306,000",FREE cancellation
Urban House Saigon 2,"10.7658385596992,106.705795526505",1.1 km from centre,Double Room,,8.3,Very good,93 reviews,"VND 330,000",
Symphony Hotel,"10.773965,106.69676",350 m from centre,Deluxe Double Room with City View - Day Use 2 hours,3 out of 5,7.0,Good,33 reviews,"VND 150,000","FREE cancellation,• No prepayment needed"
Que Mot Cuc,"10.7901433828476,106.709907395701",2.5 km from centre,Superior Suite,3 out of 5,8.1,Very good,77 reviews,"VND 392,040",
Happy Coffee Guesthouse,"10.8001680028294,106.685917675495",3.5 km from centre,Small Double Room,3 out of 5,8.7,Fabulous,99 reviews,"VND 300,000",
7s Happy Hotel Quan 10,"10.766598,106.677403",2.4 km from centre,Superior Queen Room,,8.5,Very good,18 reviews,"VND 395,982","FREE cancellation,• No prepayment needed"
My Villa Hotel - Airport,"10.813139,106.671793",5 km from centre,Superior Double Room,3 out of 5,8.4,Very good,529 reviews,"VND 541,500",
The Airport Hotel,"10.8098930928982,106.665760874748",5 km from centre,Standard Double Room,3 out of 5,8.0,Very good,363 reviews,"VND 556,759",
Victory Sai Gon Hotel,"10.780304932722,106.693629026413",1.1 km from centre,Deluxe Double or Twin Room,3 out of 5,7.5,Good,183 reviews,"VND 1,035,000",Breakfast included
RedDoorz Plus near Phan Xich Long,"10.7965142304819,106.692046523094",2.9 km from centre,Economy Double Room,3 out of 5,7.3,Good,41 reviews,"VND 338,400",FREE cancellation
RedDoorz Plus near Nga Tu Binh Phuoc,"10.8606307595982,106.723364851624",10 km from centre,Economy Double Room,2 out of 5,6.5,Review score,52 reviews,"VND 316,800","Breakfast included,FREE cancellation,• No prepayment needed"
A25 Hotel - 180 Nguyễn Trãi,"10.769127,106.689898",1 km from centre,Superior Double Room,,6.7,Review score,16 reviews,"VND 800,000",Breakfast included
Cityhouse - Atelier Apartment & Hotel,"10.80283,106.73632",5 km from centre,One-Bedroom Apartment,,7.2,Good,6 reviews,"VND 1,017,500",
Sach Hotel,"10.854838,106.773045",12 km from centre,Deluxe Room (2 Adults + 1 Child),,6.8,Review score,115 reviews,"VND 392,445",
Feli Home - Close to Landmark 81,"10.793354475705,106.719683140396",3.4 km from centre,Deluxe Double Room,,8.3,Very good,57 reviews,"VND 350,000",
Cozrum Homes Lý Chính Thắng,"10.790681126129,106.687449012303",2.5 km from centre,Superior Studio,,9.0,Superb,273 reviews,"VND 449,832","FREE cancellation,• No prepayment needed"
RedDoorz near Gia Dinh International Hospital 4,"10.8101225336451,106.689738254314",4.4 km from centre,Standard Double Room,2 out of 5,6.1,Review score,18 reviews,"VND 299,625",FREE cancellation
RedDoorz @ Pham Ngu Lao Street 3,"10.76779166397,106.692266464233",800 m from centre,Superior Twin Room,2 out of 5,6.9,Review score,21 reviews,"VND 248,625",FREE cancellation
